Zip_Code,County
501,Suffolk
544,Suffolk
6390,Suffolk
10001,New York
10002,New York
10003,New York
10004,New York
10005,New York
10006,New York
10007,New York
10008,New York
10009,New York
10010,New York
10011,New York
10012,New York
10013,New York
10014,New York
10015,New York
10016,New York
10017,New York
10018,New York
10019,New York
10020,New York
10021,New York
10022,New York
10023,New York
10024,New York
10025,New York
10026,New York
10027,New York
10028,New York
10029,New York
10030,New York
10031,New York
10032,New York
10033,New York
10034,New York
10035,New York
10036,New York
10037,New York
10038,New York
10039,New York
10040,New York
10041,New York
10043,New York
10044,New York
10045,New York
10046,New York
10047,New York
10048,New York
10055,New York
10060,New York
10069,New York
10072,New York
10079,New York
10080,New York
10081,New York
10082,New York
10087,New York
10090,New York
10094,New York
10095,New York
10096,New York
10098,New York
10099,New York
10101,New York
10102,New York
10103,New York
10104,New York
10105,New York
10106,New York
10107,New York
10108,New York
10109,New York
10110,New York
10111,New York
10112,New York
10113,New York
10114,New York
10115,New York
10116,New York
10117,New York
10118,New York
10119,New York
10120,New York
10121,New York
10122,New York
10123,New York
10124,New York
10125,New York
10126,New York
10128,New York
10129,New York
10130,New York
10131,New York
10132,New York
10133,New York
10138,New York
10149,New York
10150,New York
10151,New York
10152,New York
10153,New York
10154,New York
10155,New York
10156,New York
10157,New York
10158,New York
10159,New York
10160,New York
10161,New York
10162,New York
10163,New York
10164,New York
10165,New York
10166,New York
10167,New York
10168,New York
10169,New York
10170,New York
10171,New York
10172,New York
10173,New York
10174,New York
10175,New York
10176,New York
10177,New York
10178,New York
10179,New York
10184,New York
10185,New York
10196,New York
10197,New York
10199,New York
10203,New York
10211,New York
10212,New York
10213,New York
10242,New York
10249,New York
10256,New York
10257,New York
10258,New York
10259,New York
10260,New York
10261,New York
10265,New York
10268,New York
10269,New York
10270,New York
10271,New York
10272,New York
10273,New York
10274,New York
10275,New York
10276,New York
10277,New York
10278,New York
10279,New York
10280,New York
10281,New York
10282,New York
10285,New York
10286,New York
10292,New York
10301,Richmond
10302,Richmond
10303,Richmond
10304,Richmond
10305,Richmond
10306,Richmond
10307,Richmond
10308,Richmond
10309,Richmond
10310,Richmond
10311,Richmond
10312,Richmond
10313,Richmond
10314,Richmond
10451,Bronx
10452,Bronx
10453,Bronx
10454,Bronx
10455,Bronx
10456,Bronx
10457,Bronx
10458,Bronx
10459,Bronx
10460,Bronx
10461,Bronx
10462,Bronx
10463,Bronx
10464,Bronx
10465,Bronx
10466,Bronx
10467,Bronx
10468,Bronx
10469,Bronx
10470,Bronx
10471,Bronx
10472,Bronx
10473,Bronx
10474,Bronx
10475,Bronx
10499,Bronx
10501,Westchester
10502,Westchester
10503,Westchester
10504,Westchester
10505,Westchester
10506,Westchester
10507,Westchester
10509,Putnam
10510,Westchester
10511,Westchester
10512,Putnam
10514,Westchester
10516,Putnam
10517,Westchester
10518,Westchester
10519,Westchester
10520,Westchester
10521,Westchester
10522,Westchester
10523,Westchester
10524,Putnam
10526,Westchester
10527,Westchester
10528,Westchester
10530,Westchester
10532,Westchester
10533,Westchester
10535,Westchester
10536,Westchester
10537,Putnam
10538,Westchester
10540,Westchester
10541,Putnam
10542,Putnam
10543,Westchester
10545,Westchester
10546,Westchester
10547,Westchester
10548,Westchester
10549,Westchester
10550,Westchester
10551,Westchester
10552,Westchester
10553,Westchester
10557,Westchester
10558,Westchester
10560,Westchester
10562,Westchester
10566,Westchester
10567,Westchester
10570,Westchester
10571,Westchester
10572,Westchester
10573,Westchester
10576,Westchester
10577,Westchester
10578,Westchester
10579,Putnam
10580,Westchester
10583,Westchester
10587,Westchester
10588,Westchester
10589,Westchester
10590,Westchester
10591,Westchester
10594,Westchester
10595,Westchester
10596,Westchester
10597,Westchester
10598,Westchester
10601,Westchester
10602,Westchester
10603,Westchester
10604,Westchester
10605,Westchester
10606,Westchester
10607,Westchester
10610,Westchester
10701,Westchester
10702,Westchester
10703,Westchester
10704,Westchester
10705,Westchester
10706,Westchester
10707,Westchester
10708,Westchester
10709,Westchester
10710,Westchester
10801,Westchester
10802,Westchester
10803,Westchester
10804,Westchester
10805,Westchester
10901,Rockland
10910,Orange
10911,Rockland
10912,Orange
10913,Rockland
10914,Orange
10915,Orange
10916,Orange
10917,Orange
10918,Orange
10919,Orange
10920,Rockland
10921,Orange
10922,Orange
10923,Rockland
10924,Orange
10925,Orange
10926,Orange
10927,Rockland
10928,Orange
10930,Orange
10931,Rockland
10932,Orange
10933,Orange
10940,Orange
10941,Orange
10943,Orange
10949,Orange
10950,Orange
10952,Rockland
10953,Orange
10954,Rockland
10956,Rockland
10958,Orange
10959,Orange
10960,Rockland
10962,Rockland
10963,Orange
10964,Rockland
10965,Rockland
10968,Rockland
10969,Orange
10970,Rockland
10973,Orange
10974,Rockland
10975,Orange
10976,Rockland
10977,Rockland
10979,Orange
10980,Rockland
10981,Orange
10982,Rockland
10983,Rockland
10984,Rockland
10985,Orange
10986,Rockland
10987,Orange
10988,Orange
10989,Rockland
10990,Orange
10992,Orange
10993,Rockland
10994,Rockland
10996,Orange
10997,Orange
10998,Orange
11001,Nassau
11002,Nassau
11003,Nassau
11004,Queens
11005,Queens
11010,Nassau
11020,Nassau
11021,Nassau
11022,Nassau
11023,Nassau
11024,Nassau
11025,Nassau
11026,Nassau
11027,Nassau
11030,Nassau
11040,Nassau
11041,Nassau
11042,Nassau
11043,Nassau
11044,Nassau
11050,Nassau
11051,Nassau
11052,Nassau
11053,Nassau
11054,Nassau
11055,Nassau
11096,Nassau
11099,Nassau
11101,Queens
11102,Queens
11103,Queens
11104,Queens
11105,Queens
11106,Queens
11109,Queens
11120,Queens
11201,Kings
11202,Kings
11203,Kings
11204,Kings
11205,Kings
11206,Kings
11207,Kings
11208,Kings
11209,Kings
11210,Kings
11211,Kings
11212,Kings
11213,Kings
11214,Kings
11215,Kings
11216,Kings
11217,Kings
11218,Kings
11219,Kings
11220,Kings
11221,Kings
11222,Kings
11223,Kings
11224,Kings
11225,Kings
11226,Kings
11228,Kings
11229,Kings
11230,Kings
11231,Kings
11232,Kings
11233,Kings
11234,Kings
11235,Kings
11236,Kings
11237,Kings
11238,Kings
11239,Kings
11240,Kings
11241,Kings
11242,Kings
11243,Kings
11244,Kings
11245,Kings
11247,Kings
11248,Kings
11249,Kings
11251,Kings
11252,Kings
11254,Kings
11255,Kings
11256,Kings
11351,Queens
11352,Queens
11354,Queens
11355,Queens
11356,Queens
11357,Queens
11358,Queens
11359,Queens
11360,Queens
11361,Queens
11362,Queens
11363,Queens
11364,Queens
11365,Queens
11366,Queens
11367,Queens
11368,Queens
11369,Queens
11370,Queens
11371,Queens
11372,Queens
11373,Queens
11374,Queens
11375,Queens
11377,Queens
11378,Queens
11379,Queens
11380,Queens
11381,Queens
11385,Queens
11386,Queens
11390,Queens
11405,Queens
11411,Queens
11412,Queens
11413,Queens
11414,Queens
11415,Queens
11416,Queens
11417,Queens
11418,Queens
11419,Queens
11420,Queens
11421,Queens
11422,Queens
11423,Queens
11424,Queens
11425,Queens
11426,Queens
11427,Queens
11428,Queens
11429,Queens
11430,Queens
11431,Queens
11432,Queens
11433,Queens
11434,Queens
11435,Queens
11436,Queens
11439,Queens
11451,Queens
11499,Queens
11501,Nassau
11507,Nassau
11509,Nassau
11510,Nassau
11514,Nassau
11516,Nassau
11518,Nassau
11520,Nassau
11530,Nassau
11531,Nassau
11535,Nassau
11536,Nassau
11542,Nassau
11545,Nassau
11547,Nassau
11548,Nassau
11549,Nassau
11550,Nassau
11551,Nassau
11552,Nassau
11553,Nassau
11554,Nassau
11555,Nassau
11556,Nassau
11557,Nassau
11558,Nassau
11559,Nassau
11560,Nassau
11561,Nassau
11563,Nassau
11565,Nassau
11566,Nassau
11568,Nassau
11569,Nassau
11570,Nassau
11571,Nassau
11572,Nassau
11575,Nassau
11576,Nassau
11577,Nassau
11579,Nassau
11580,Nassau
11581,Nassau
11582,Nassau
11590,Nassau
11592,Nassau
11594,Nassau
11595,Nassau
11596,Nassau
11597,Nassau
11598,Nassau
11599,Nassau
11690,Queens
11691,Queens
11692,Queens
11693,Queens
11694,Queens
11695,Queens
11697,Queens
11701,Suffolk
11702,Suffolk
11703,Suffolk
11704,Suffolk
11705,Suffolk
11706,Suffolk
11707,Suffolk
11708,Suffolk
11709,Nassau
11710,Nassau
11713,Suffolk
11714,Nassau
11715,Suffolk
11716,Suffolk
11717,Suffolk
11718,Suffolk
11719,Suffolk
11720,Suffolk
11721,Suffolk
11722,Suffolk
11724,Suffolk
11725,Suffolk
11726,Suffolk
11727,Suffolk
11729,Suffolk
11730,Suffolk
11731,Suffolk
11732,Nassau
11733,Suffolk
11735,Nassau
11736,Nassau
11737,Nassau
11738,Suffolk
11739,Suffolk
11740,Suffolk
11741,Suffolk
11742,Suffolk
11743,Suffolk
11746,Suffolk
11747,Suffolk
11749,Suffolk
11750,Suffolk
11751,Suffolk
11752,Suffolk
11753,Nassau
11754,Suffolk
11755,Suffolk
11756,Nassau
11757,Suffolk
11758,Nassau
11760,Suffolk
11762,Nassau
11763,Suffolk
11764,Suffolk
11765,Nassau
11766,Suffolk
11767,Suffolk
11768,Suffolk
11769,Suffolk
11770,Suffolk
11771,Nassau
11772,Suffolk
11773,Nassau
11774,Nassau
11775,Suffolk
11776,Suffolk
11777,Suffolk
11778,Suffolk
11779,Suffolk
11780,Suffolk
11782,Suffolk
11783,Nassau
11784,Suffolk
11786,Suffolk
11787,Suffolk
11788,Suffolk
11789,Suffolk
11790,Suffolk
11791,Nassau
11792,Suffolk
11793,Nassau
11794,Suffolk
11795,Suffolk
11796,Suffolk
11797,Nassau
11798,Suffolk
11801,Nassau
11802,Nassau
11803,Nassau
11804,Nassau
11815,Nassau
11819,Nassau
11853,Nassau
11854,Nassau
11855,Nassau
11901,Suffolk
11930,Suffolk
11931,Suffolk
11932,Suffolk
11933,Suffolk
11934,Suffolk
11935,Suffolk
11937,Suffolk
11939,Suffolk
11940,Suffolk
11941,Suffolk
11942,Suffolk
11944,Suffolk
11946,Suffolk
11947,Suffolk
11948,Suffolk
11949,Suffolk
11950,Suffolk
11951,Suffolk
11952,Suffolk
11953,Suffolk
11954,Suffolk
11955,Suffolk
11956,Suffolk
11957,Suffolk
11958,Suffolk
11959,Suffolk
11960,Suffolk
11961,Suffolk
11962,Suffolk
11963,Suffolk
11964,Suffolk
11965,Suffolk
11967,Suffolk
11968,Suffolk
11969,Suffolk
11970,Suffolk
11971,Suffolk
11972,Suffolk
11973,Suffolk
11975,Suffolk
11976,Suffolk
11977,Suffolk
11978,Suffolk
11980,Suffolk
12007,Albany
12008,Schenectady
12009,Albany
12010,Montgomery
12015,Greene
12016,Montgomery
12017,Columbia
12018,Rensselaer
12019,Saratoga
12020,Saratoga
12022,Rensselaer
12023,Albany
12024,Rensselaer
12025,Fulton
12027,Saratoga
12028,Rensselaer
12029,Columbia
12031,Schoharie
12032,Fulton
12033,Rensselaer
12035,Schoharie
12036,Schoharie
12037,Columbia
12040,Rensselaer
12041,Albany
12042,Greene
12043,Schoharie
12045,Albany
12046,Albany
12047,Albany
12050,Columbia
12051,Greene
12052,Rensselaer
12053,Schenectady
12054,Albany
12055,Albany
12056,Schenectady
12057,Rensselaer
12058,Greene
12059,Albany
12060,Columbia
12061,Rensselaer
12062,Rensselaer
12063,Rensselaer
12064,Otsego
12065,Saratoga
12066,Montgomery
12067,Albany
12068,Montgomery
12069,Montgomery
12070,Montgomery
12071,Schoharie
12072,Montgomery
12073,Schoharie
12074,Saratoga
12075,Columbia
12076,Schoharie
12077,Albany
12078,Fulton
12082,Rensselaer
12083,Greene
12084,Albany
12085,Albany
12086,Montgomery
12087,Greene
12089,Rensselaer
12090,Rensselaer
12092,Schoharie
12093,Schoharie
12094,Rensselaer
12095,Fulton
12106,Columbia
12107,Albany
12108,Hamilton
12110,Albany
12115,Columbia
12116,Otsego
12117,Fulton
12118,Saratoga
12120,Albany
12121,Rensselaer
12122,Schoharie
12123,Rensselaer
12124,Greene
12125,Columbia
12128,Albany
12130,Columbia
12131,Schoharie
12132,Columbia
12133,Rensselaer
12134,Fulton
12136,Columbia
12137,Schenectady
12138,Rensselaer
12139,Hamilton
12140,Rensselaer
12141,Schenectady
12143,Albany
12144,Rensselaer
12147,Albany
12148,Saratoga
12149,Schoharie
12150,Schenectady
12151,Saratoga
12153,Rensselaer
12154,Rensselaer
12155,Otsego
12156,Rensselaer
12157,Schoharie
12158,Albany
12159,Albany
12160,Schoharie
12161,Albany
12164,Hamilton
12165,Columbia
12166,Montgomery
12167,Delaware
12168,Rensselaer
12169,Rensselaer
12170,Saratoga
12172,Columbia
12173,Columbia
12174,Columbia
12175,Schoharie
12176,Greene
12177,Montgomery
12180,Rensselaer
12181,Rensselaer
12182,Rensselaer
12183,Albany
12184,Columbia
12185,Rensselaer
12186,Albany
12187,Schoharie
12188,Saratoga
12189,Albany
12190,Hamilton
12192,Greene
12193,Albany
12194,Schoharie
12195,Columbia
12196,Rensselaer
12197,Otsego
12198,Rensselaer
12201,Albany
12202,Albany
12203,Albany
12204,Albany
12205,Albany
12206,Albany
12207,Albany
12208,Albany
12209,Albany
12210,Albany
12211,Albany
12212,Albany
12214,Albany
12220,Albany
12222,Albany
12223,Albany
12224,Albany
12225,Albany
12226,Albany
12227,Albany
12228,Albany
12229,Albany
12230,Albany
12231,Albany
12232,Albany
12233,Albany
12234,Albany
12235,Albany
12236,Albany
12237,Albany
12238,Albany
12239,Albany
12240,Albany
12241,Albany
12242,Albany
12243,Albany
12244,Albany
12245,Albany
12246,Albany
12247,Albany
12248,Albany
12249,Albany
12250,Albany
12252,Albany
12255,Albany
12256,Albany
12257,Albany
12260,Albany
12261,Albany
12288,Albany
12301,Schenectady
12302,Schenectady
12303,Schenectady
12304,Schenectady
12305,Schenectady
12306,Schenectady
12307,Schenectady
12308,Schenectady
12309,Schenectady
12325,Schenectady
12345,Schenectady
12401,Ulster
12402,Ulster
12404,Ulster
12405,Greene
12406,Delaware
12407,Greene
12409,Ulster
12410,Ulster
12411,Ulster
12412,Ulster
12413,Greene
12414,Greene
12416,Ulster
12417,Ulster
12418,Greene
12419,Ulster
12420,Ulster
12421,Delaware
12422,Greene
12423,Greene
12424,Greene
12427,Greene
12428,Ulster
12429,Ulster
12430,Delaware
12431,Greene
12432,Ulster
12433,Ulster
12434,Delaware
12435,Ulster
12436,Greene
12438,Delaware
12439,Greene
12440,Ulster
12441,Ulster
12442,Greene
12443,Ulster
12444,Greene
12446,Ulster
12448,Ulster
12449,Ulster
12450,Greene
12451,Greene
12452,Greene
12453,Ulster
12454,Greene
12455,Delaware
12456,Ulster
12457,Ulster
12458,Ulster
12459,Delaware
12460,Greene
12461,Ulster
12463,Greene
12464,Ulster
12465,Ulster
12466,Ulster
12468,Greene
12469,Albany
12470,Greene
12471,Ulster
12472,Ulster
12473,Greene
12474,Delaware
12475,Ulster
12477,Ulster
12480,Ulster
12481,Ulster
12482,Greene
12483,Ulster
12484,Ulster
12485,Greene
12486,Ulster
12487,Ulster
12489,Ulster
12490,Ulster
12491,Ulster
12492,Greene
12493,Ulster
12494,Ulster
12495,Ulster
12496,Greene
12498,Ulster
12501,Dutchess
12502,Columbia
12503,Columbia
12504,Dutchess
12506,Dutchess
12507,Dutchess
12508,Dutchess
12510,Dutchess
12511,Dutchess
12512,Dutchess
12513,Columbia
12514,Dutchess
12515,Ulster
12516,Columbia
12517,Columbia
12518,Orange
12520,Orange
12521,Columbia
12522,Dutchess
12523,Columbia
12524,Dutchess
12525,Ulster
12526,Columbia
12527,Dutchess
12528,Ulster
12529,Columbia
12530,Columbia
12531,Dutchess
12533,Dutchess
12534,Columbia
12537,Dutchess
12538,Dutchess
12540,Dutchess
12541,Columbia
12542,Ulster
12543,Orange
12544,Columbia
12545,Dutchess
12546,Dutchess
12547,Ulster
12548,Ulster
12549,Orange
12550,Orange
12551,Orange
12552,Orange
12553,Orange
12555,Orange
12561,Ulster
12563,Putnam
12564,Dutchess
12565,Columbia
12566,Orange
12567,Dutchess
12568,Ulster
12569,Dutchess
12570,Dutchess
12571,Dutchess
12572,Dutchess
12574,Dutchess
12575,Orange
12577,Orange
12578,Dutchess
12580,Dutchess
12581,Dutchess
12582,Dutchess
12583,Dutchess
12584,Orange
12585,Dutchess
12586,Orange
12588,Ulster
12589,Ulster
12590,Dutchess
12592,Dutchess
12593,Columbia
12594,Dutchess
12601,Dutchess
12602,Dutchess
12603,Dutchess
12604,Dutchess
12701,Sullivan
12719,Sullivan
12720,Sullivan
12721,Sullivan
12722,Sullivan
12723,Sullivan
12724,Sullivan
12725,Sullivan
12726,Sullivan
12727,Sullivan
12729,Orange
12732,Sullivan
12733,Sullivan
12734,Sullivan
12736,Sullivan
12737,Sullivan
12738,Sullivan
12740,Sullivan
12741,Sullivan
12742,Sullivan
12743,Sullivan
12745,Sullivan
12746,Orange
12747,Sullivan
12748,Sullivan
12749,Sullivan
12750,Sullivan
12751,Sullivan
12752,Sullivan
12754,Sullivan
12758,Sullivan
12759,Sullivan
12760,Sullivan
12762,Sullivan
12763,Sullivan
12764,Sullivan
12765,Sullivan
12766,Sullivan
12767,Sullivan
12768,Sullivan
12769,Sullivan
12770,Sullivan
12771,Orange
12775,Sullivan
12776,Sullivan
12777,Sullivan
12778,Sullivan
12779,Sullivan
12780,Orange
12781,Sullivan
12783,Sullivan
12784,Sullivan
12785,Sullivan
12786,Sullivan
12787,Sullivan
12788,Sullivan
12789,Sullivan
12790,Sullivan
12791,Sullivan
12792,Sullivan
12801,Warren
12803,Saratoga
12804,Warren
12808,Warren
12809,Washington
12810,Warren
12811,Warren
12812,Hamilton
12814,Warren
12815,Warren
12816,Washington
12817,Warren
12819,Washington
12820,Warren
12821,Washington
12822,Saratoga
12823,Washington
12824,Warren
12827,Washington
12828,Washington
12831,Saratoga
12832,Washington
12833,Saratoga
12834,Washington
12835,Saratoga
12836,Warren
12837,Washington
12838,Washington
12839,Washington
12841,Washington
12842,Hamilton
12843,Warren
12844,Warren
12845,Warren
12846,Warren
12847,Hamilton
12848,Washington
12849,Washington
12850,Saratoga
12851,Essex
12852,Essex
12853,Warren
12854,Washington
12855,Essex
12856,Warren
12857,Essex
12858,Essex
12859,Saratoga
12860,Warren
12861,Washington
12862,Warren
12863,Saratoga
12864,Hamilton
12865,Washington
12866,Saratoga
12870,Essex
12871,Saratoga
12872,Essex
12873,Washington
12874,Warren
12878,Warren
12879,Essex
12883,Essex
12884,Saratoga
12885,Warren
12886,Warren
12887,Washington
12901,Clinton
12903,Clinton
12910,Clinton
12911,Clinton
12912,Clinton
12913,Essex
12914,Franklin
12915,Franklin
12916,Franklin
12917,Franklin
12918,Clinton
12919,Clinton
12920,Franklin
12921,Clinton
12922,Saint Lawrence
12923,Clinton
12924,Clinton
12926,Franklin
12927,Saint Lawrence
12928,Essex
12929,Clinton
12930,Franklin
12932,Essex
12933,Clinton
12934,Clinton
12935,Clinton
12936,Essex
12937,Franklin
12939,Franklin
12941,Essex
12942,Essex
12943,Essex
12944,Clinton
12945,Franklin
12946,Essex
12949,Saint Lawrence
12950,Essex
12952,Clinton
12953,Franklin
12955,Clinton
12956,Essex
12957,Franklin
12958,Clinton
12959,Clinton
12960,Essex
12961,Essex
12962,Clinton
12964,Essex
12965,Saint Lawrence
12966,Franklin
12967,Saint Lawrence
12969,Franklin
12970,Franklin
12972,Clinton
12973,Saint Lawrence
12974,Essex
12975,Essex
12976,Franklin
12977,Essex
12978,Clinton
12979,Clinton
12980,Franklin
12981,Clinton
12983,Franklin
12985,Clinton
12986,Franklin
12987,Essex
12989,Franklin
12992,Clinton
12993,Essex
12995,Franklin
12996,Essex
12997,Essex
12998,Essex
13020,Onondaga
13021,Cayuga
13022,Cayuga
13024,Cayuga
13026,Cayuga
13027,Onondaga
13028,Oswego
13029,Onondaga
13030,Onondaga
13031,Onondaga
13032,Madison
13033,Cayuga
13034,Cayuga
13035,Madison
13036,Oswego
13037,Madison
13039,Onondaga
13040,Cortland
13041,Onondaga
13042,Oswego
13043,Madison
13044,Oswego
13045,Cortland
13051,Onondaga
13052,Madison
13053,Tompkins
13054,Oneida
13056,Cortland
13057,Onondaga
13060,Onondaga
13061,Madison
13062,Tompkins
13063,Onondaga
13064,Cayuga
13065,Seneca
13066,Onondaga
13068,Tompkins
13069,Oswego
13071,Cayuga
13072,Madison
13073,Tompkins
13074,Oswego
13076,Oswego
13077,Cortland
13078,Onondaga
13080,Onondaga
13081,Cayuga
13082,Onondaga
13083,Oswego
13084,Onondaga
13087,Cortland
13088,Onondaga
13089,Onondaga
13090,Onondaga
13092,Tompkins
13093,Oswego
13101,Cortland
13102,Tompkins
13103,Oswego
13104,Onondaga
13107,Oswego
13108,Onondaga
13110,Onondaga
13111,Cayuga
13112,Onondaga
13113,Cayuga
13114,Oswego
13115,Oswego
13116,Onondaga
13117,Cayuga
13118,Cayuga
13119,Onondaga
13120,Onondaga
13121,Oswego
13122,Madison
13123,Oneida
13124,Chenango
13126,Oswego
13131,Oswego
13132,Oswego
13134,Madison
13135,Oswego
13136,Chenango
13137,Onondaga
13138,Onondaga
13139,Cayuga
13140,Cayuga
13141,Cortland
13142,Oswego
13143,Wayne
13144,Oswego
13145,Oswego
13146,Wayne
13147,Cayuga
13148,Seneca
13152,Onondaga
13153,Onondaga
13154,Wayne
13155,Chenango
13156,Cayuga
13157,Oneida
13158,Cortland
13159,Onondaga
13160,Cayuga
13162,Oneida
13163,Madison
13164,Onondaga
13165,Seneca
13166,Cayuga
13167,Oswego
13201,Onondaga
13202,Onondaga
13203,Onondaga
13204,Onondaga
13205,Onondaga
13206,Onondaga
13207,Onondaga
13208,Onondaga
13209,Onondaga
13210,Onondaga
13211,Onondaga
13212,Onondaga
13214,Onondaga
13215,Onondaga
13217,Onondaga
13218,Onondaga
13219,Onondaga
13220,Onondaga
13221,Onondaga
13224,Onondaga
13225,Onondaga
13235,Onondaga
13244,Onondaga
13250,Onondaga
13251,Onondaga
13252,Onondaga
13261,Onondaga
13290,Onondaga
13301,Oneida
13302,Oswego
13303,Oneida
13304,Oneida
13305,Lewis
13308,Oneida
13309,Oneida
13310,Madison
13312,Lewis
13313,Oneida
13314,Madison
13315,Otsego
13316,Oneida
13317,Montgomery
13318,Oneida
13319,Oneida
13320,Montgomery
13321,Oneida
13322,Oneida
13323,Oneida
13324,Herkimer
13325,Lewis
13326,Otsego
13327,Lewis
13328,Oneida
13329,Herkimer
13331,Herkimer
13332,Chenango
13333,Otsego
13334,Madison
13335,Otsego
13337,Otsego
13338,Oneida
13339,Montgomery
13340,Herkimer
13341,Oneida
13342,Otsego
13343,Lewis
13345,Lewis
13346,Madison
13348,Otsego
13350,Herkimer
13352,Oneida
13353,Hamilton
13354,Oneida
13355,Madison
13357,Herkimer
13360,Hamilton
13361,Herkimer
13362,Oneida
13363,Oneida
13364,Madison
13365,Herkimer
13367,Lewis
13368,Lewis
13401,Oneida
13402,Madison
13403,Oneida
13404,Lewis
13406,Herkimer
13407,Herkimer
13408,Madison
13409,Madison
13410,Montgomery
13411,Chenango
13413,Oneida
13415,Otsego
13416,Herkimer
13417,Oneida
13418,Madison
13420,Herkimer
13421,Madison
13424,Oneida
13425,Oneida
13426,Oswego
13428,Montgomery
13431,Herkimer
13433,Lewis
13435,Oneida
13436,Hamilton
13437,Oswego
13438,Oneida
13439,Otsego
13440,Oneida
13441,Oneida
13442,Oneida
13449,Oneida
13450,Otsego
13452,Montgomery
13454,Herkimer
13455,Oneida
13456,Oneida
13457,Otsego
13459,Schoharie
13460,Chenango
13461,Oneida
13464,Chenango
13465,Madison
13468,Otsego
13469,Oneida
13470,Fulton
13471,Oneida
13472,Herkimer
13473,Lewis
13475,Herkimer
13476,Oneida
13477,Oneida
13478,Oneida
13479,Oneida
13480,Oneida
13482,Otsego
13483,Oneida
13484,Madison
13485,Madison
13486,Oneida
13488,Otsego
13489,Lewis
13490,Oneida
13491,Herkimer
13492,Oneida
13493,Oswego
13494,Oneida
13495,Oneida
13501,Oneida
13502,Oneida
13503,Oneida
13504,Oneida
13505,Oneida
13599,Oneida
13601,Jefferson
13602,Jefferson
13603,Jefferson
13605,Jefferson
13606,Jefferson
13607,Jefferson
13608,Jefferson
13611,Jefferson
13612,Jefferson
13613,Saint Lawrence
13614,Saint Lawrence
13615,Jefferson
13616,Jefferson
13617,Saint Lawrence
13618,Jefferson
13619,Jefferson
13620,Lewis
13621,Saint Lawrence
13622,Jefferson
13623,Saint Lawrence
13624,Jefferson
13625,Saint Lawrence
13626,Lewis
13627,Lewis
13628,Jefferson
13630,Saint Lawrence
13631,Lewis
13632,Jefferson
13633,Saint Lawrence
13634,Jefferson
13635,Saint Lawrence
13636,Jefferson
13637,Jefferson
13638,Jefferson
13639,Saint Lawrence
13640,Jefferson
13641,Jefferson
13642,Saint Lawrence
13643,Jefferson
13645,Saint Lawrence
13646,Saint Lawrence
13647,Saint Lawrence
13648,Lewis
13649,Saint Lawrence
13650,Jefferson
13651,Jefferson
13652,Saint Lawrence
13654,Saint Lawrence
13655,Franklin
13656,Jefferson
13657,Jefferson
13658,Saint Lawrence
13659,Jefferson
13660,Saint Lawrence
13661,Jefferson
13662,Saint Lawrence
13664,Saint Lawrence
13665,Jefferson
13666,Saint Lawrence
13667,Saint Lawrence
13668,Saint Lawrence
13669,Saint Lawrence
13670,Saint Lawrence
13671,Jefferson
13672,Saint Lawrence
13673,Jefferson
13674,Jefferson
13675,Jefferson
13676,Saint Lawrence
13677,Saint Lawrence
13678,Saint Lawrence
13679,Jefferson
13680,Saint Lawrence
13681,Saint Lawrence
13682,Jefferson
13683,Saint Lawrence
13684,Saint Lawrence
13685,Jefferson
13687,Saint Lawrence
13690,Saint Lawrence
13691,Jefferson
13692,Jefferson
13693,Jefferson
13694,Saint Lawrence
13695,Saint Lawrence
13696,Saint Lawrence
13697,Saint Lawrence
13699,Saint Lawrence
13730,Chenango
13731,Delaware
13732,Tioga
13733,Chenango
13734,Tioga
13736,Tioga
13737,Broome
13738,Cortland
13739,Delaware
13740,Delaware
13743,Tioga
13744,Broome
13745,Broome
13746,Broome
13747,Otsego
13748,Broome
13749,Broome
13750,Delaware
13751,Delaware
13752,Delaware
13753,Delaware
13754,Broome
13755,Delaware
13756,Delaware
13757,Delaware
13758,Chenango
13760,Broome
13761,Broome
13762,Broome
13763,Broome
13774,Delaware
13775,Delaware
13776,Otsego
13777,Broome
13778,Chenango
13780,Chenango
13782,Delaware
13783,Delaware
13784,Cortland
13786,Delaware
13787,Broome
13788,Delaware
13790,Broome
13794,Broome
13795,Broome
13796,Otsego
13797,Broome
13801,Chenango
13802,Broome
13803,Cortland
13804,Delaware
13806,Delaware
13807,Otsego
13808,Otsego
13809,Chenango
13810,Otsego
13811,Tioga
13812,Tioga
13813,Broome
13814,Chenango
13815,Chenango
13820,Otsego
13825,Otsego
13826,Broome
13827,Tioga
13830,Chenango
13832,Chenango
13833,Broome
13834,Otsego
13835,Tioga
13837,Delaware
13838,Delaware
13839,Delaware
13840,Tioga
13841,Chenango
13842,Delaware
13843,Chenango
13844,Chenango
13845,Tioga
13846,Delaware
13847,Delaware
13848,Broome
13849,Otsego
13850,Broome
13851,Broome
13856,Delaware
13859,Otsego
13860,Delaware
13861,Otsego
13862,Broome
13863,Cortland
13864,Tioga
13865,Broome
13901,Broome
13902,Broome
13903,Broome
13904,Broome
13905,Broome
14001,Erie
14004,Erie
14005,Genesee
14006,Erie
14008,Niagara
14009,Wyoming
14010,Erie
14011,Wyoming
14012,Niagara
14013,Genesee
14020,Genesee
14021,Genesee
14024,Wyoming
14025,Erie
14026,Erie
14027,Erie
14028,Niagara
14029,Allegany
14030,Erie
14031,Erie
14032,Erie
14033,Erie
14034,Erie
14035,Erie
14036,Genesee
14037,Wyoming
14038,Erie
14039,Wyoming
14040,Genesee
14041,Cattaraugus
14042,Cattaraugus
14043,Erie
14047,Erie
14048,Chautauqua
14051,Erie
14052,Erie
14054,Genesee
14055,Erie
14056,Genesee
14057,Erie
14058,Genesee
14059,Erie
14060,Cattaraugus
14061,Erie
14062,Chautauqua
14063,Chautauqua
14065,Cattaraugus
14066,Wyoming
14067,Niagara
14068,Erie
14069,Erie
14070,Cattaraugus
14072,Erie
14075,Erie
14080,Erie
14081,Chautauqua
14082,Wyoming
14083,Wyoming
14085,Erie
14086,Erie
14091,Erie
14092,Niagara
14094,Niagara
14095,Niagara
14098,Orleans
14101,Cattaraugus
14102,Erie
14103,Orleans
14105,Niagara
14107,Niagara
14108,Niagara
14109,Niagara
14110,Erie
14111,Erie
14112,Erie
14113,Wyoming
14120,Niagara
14125,Genesee
14126,Niagara
14127,Erie
14129,Cattaraugus
14130,Wyoming
14131,Niagara
14132,Niagara
14133,Cattaraugus
14134,Erie
14135,Chautauqua
14136,Chautauqua
14138,Cattaraugus
14139,Erie
14140,Erie
14141,Erie
14143,Genesee
14144,Niagara
14145,Wyoming
14150,Erie
14151,Erie
14166,Chautauqua
14167,Wyoming
14168,Cattaraugus
14169,Erie
14170,Erie
14171,Cattaraugus
14172,Niagara
14173,Cattaraugus
14174,Niagara
14201,Erie
14202,Erie
14203,Erie
14204,Erie
14205,Erie
14206,Erie
14207,Erie
14208,Erie
14209,Erie
14210,Erie
14211,Erie
14212,Erie
14213,Erie
14214,Erie
14215,Erie
14216,Erie
14217,Erie
14218,Erie
14219,Erie
14220,Erie
14221,Erie
14222,Erie
14223,Erie
14224,Erie
14225,Erie
14226,Erie
14227,Erie
14228,Erie
14231,Erie
14233,Erie
14240,Erie
14241,Erie
14260,Erie
14261,Erie
14263,Erie
14264,Erie
14265,Erie
14267,Erie
14269,Erie
14270,Erie
14272,Erie
14273,Erie
14276,Erie
14280,Erie
14301,Niagara
14302,Niagara
14303,Niagara
14304,Niagara
14305,Niagara
14410,Monroe
14411,Orleans
14413,Wayne
14414,Livingston
14415,Yates
14416,Genesee
14418,Yates
14420,Monroe
14422,Genesee
14423,Livingston
14424,Ontario
14425,Ontario
14427,Wyoming
14428,Monroe
14429,Orleans
14430,Monroe
14432,Ontario
14433,Wayne
14435,Livingston
14437,Livingston
14441,Yates
14443,Ontario
14445,Monroe
14449,Wayne
14450,Monroe
14452,Orleans
14453,Ontario
14454,Livingston
14456,Ontario
14461,Ontario
14462,Livingston
14463,Ontario
14464,Monroe
14466,Livingston
14467,Monroe
14468,Monroe
14469,Ontario
14470,Orleans
14471,Ontario
14472,Monroe
14475,Ontario
14476,Orleans
14477,Orleans
14478,Yates
14479,Orleans
14480,Livingston
14481,Livingston
14482,Genesee
14485,Livingston
14486,Genesee
14487,Livingston
14488,Livingston
14489,Wayne
14502,Wayne
14504,Ontario
14505,Wayne
14506,Monroe
14507,Yates
14508,Monroe
14510,Livingston
14511,Monroe
14512,Ontario
14513,Wayne
14514,Monroe
14515,Monroe
14516,Wayne
14517,Livingston
14518,Ontario
14519,Wayne
14520,Wayne
14521,Seneca
14522,Wayne
14525,Genesee
14526,Monroe
14527,Yates
14529,Steuben
14530,Wyoming
14532,Ontario
14533,Livingston
14534,Monroe
14536,Wyoming
14537,Ontario
14538,Wayne
14539,Livingston
14541,Seneca
14542,Wayne
14543,Monroe
14544,Yates
14545,Livingston
14546,Monroe
14547,Ontario
14548,Ontario
14549,Wyoming
14550,Wyoming
14551,Wayne
14555,Wayne
14556,Livingston
14557,Genesee
14558,Livingston
14559,Monroe
14560,Livingston
14561,Ontario
14563,Wayne
14564,Ontario
14568,Wayne
14569,Wyoming
14571,Orleans
14572,Steuben
14580,Monroe
14585,Ontario
14586,Monroe
14588,Seneca
14589,Wayne
14590,Wayne
14591,Wyoming
14592,Livingston
14602,Monroe
14603,Monroe
14604,Monroe
14605,Monroe
14606,Monroe
14607,Monroe
14608,Monroe
14609,Monroe
14610,Monroe
14611,Monroe
14612,Monroe
14613,Monroe
14614,Monroe
14615,Monroe
14616,Monroe
14617,Monroe
14618,Monroe
14619,Monroe
14620,Monroe
14621,Monroe
14622,Monroe
14623,Monroe
14624,Monroe
14625,Monroe
14626,Monroe
14627,Monroe
14638,Monroe
14639,Monroe
14642,Monroe
14643,Monroe
14644,Monroe
14645,Monroe
14646,Monroe
14647,Monroe
14649,Monroe
14650,Monroe
14651,Monroe
14652,Monroe
14653,Monroe
14664,Monroe
14673,Monroe
14683,Monroe
14692,Monroe
14694,Monroe
14701,Chautauqua
14702,Chautauqua
14706,Cattaraugus
14707,Allegany
14708,Allegany
14709,Allegany
14710,Chautauqua
14711,Allegany
14712,Chautauqua
14714,Allegany
14715,Allegany
14716,Chautauqua
14717,Allegany
14718,Chautauqua
14719,Cattaraugus
14720,Chautauqua
14721,Allegany
14722,Chautauqua
14723,Chautauqua
14724,Chautauqua
14726,Cattaraugus
14727,Allegany
14728,Chautauqua
14729,Cattaraugus
14730,Cattaraugus
14731,Cattaraugus
14732,Chautauqua
14733,Chautauqua
14735,Allegany
14736,Chautauqua
14737,Cattaraugus
14738,Chautauqua
14739,Allegany
14740,Chautauqua
14741,Cattaraugus
14742,Chautauqua
14743,Cattaraugus
14744,Allegany
14745,Allegany
14747,Chautauqua
14748,Cattaraugus
14750,Chautauqua
14751,Cattaraugus
14752,Chautauqua
14753,Cattaraugus
14754,Allegany
14755,Cattaraugus
14756,Chautauqua
14757,Chautauqua
14758,Chautauqua
14760,Cattaraugus
14766,Cattaraugus
14767,Chautauqua
14769,Chautauqua
14770,Cattaraugus
14772,Cattaraugus
14774,Allegany
14775,Chautauqua
14777,Allegany
14778,Cattaraugus
14779,Cattaraugus
14781,Chautauqua
14782,Chautauqua
14783,Cattaraugus
14784,Chautauqua
14785,Chautauqua
14786,Allegany
14787,Chautauqua
14788,Cattaraugus
14801,Steuben
14802,Allegany
14803,Allegany
14804,Allegany
14805,Schuyler
14806,Allegany
14807,Steuben
14808,Steuben
14809,Steuben
14810,Steuben
14812,Schuyler
14813,Allegany
14814,Chemung
14815,Schuyler
14816,Chemung
14817,Tompkins
14818,Schuyler
14819,Steuben
14820,Steuben
14821,Steuben
14822,Allegany
14823,Steuben
14824,Schuyler
14825,Chemung
14826,Steuben
14827,Steuben
14830,Steuben
14831,Steuben
14836,Livingston
14837,Yates
14838,Chemung
14839,Steuben
14840,Steuben
14841,Schuyler
14842,Yates
14843,Steuben
14845,Chemung
14846,Livingston
14847,Seneca
14850,Tompkins
14851,Tompkins
14852,Tompkins
14853,Tompkins
14854,Tompkins
14855,Steuben
14856,Steuben
14857,Yates
14858,Steuben
14859,Tioga
14860,Seneca
14861,Chemung
14863,Schuyler
14864,Chemung
14865,Schuyler
14867,Tompkins
14869,Schuyler
14870,Steuben
14871,Chemung
14872,Chemung
14873,Steuben
14874,Steuben
14876,Schuyler
14877,Steuben
14878,Schuyler
14879,Steuben
14880,Allegany
14881,Tompkins
14882,Tompkins
14883,Tioga
14884,Allegany
14885,Steuben
14886,Tompkins
14887,Schuyler
14889,Chemung
14891,Schuyler
14892,Tioga
14893,Schuyler
14894,Chemung
14895,Allegany
14897,Allegany
14898,Steuben
14901,Chemung
14902,Chemung
14903,Chemung
14904,Chemung
14905,Chemung
14925,Chemung
7001,Middlesex
7002,Hudson
7003,Essex
7004,Essex
7005,Morris
7006,Essex
7007,Essex
7008,Middlesex
7009,Essex
7010,Bergen
7011,Passaic
7012,Passaic
7013,Passaic
7014,Passaic
7015,Passaic
7016,Union
7017,Essex
7018,Essex
7019,Essex
7020,Bergen
7021,Essex
7022,Bergen
7023,Union
7024,Bergen
7026,Bergen
7027,Union
7028,Essex
7029,Hudson
7030,Hudson
7031,Bergen
7032,Hudson
7033,Union
7034,Morris
7035,Morris
7036,Union
7039,Essex
7040,Essex
7041,Essex
7042,Essex
7043,Essex
7044,Essex
7045,Morris
7046,Morris
7047,Hudson
7050,Essex
7051,Essex
7052,Essex
7054,Morris
7055,Passaic
7057,Bergen
7058,Morris
7059,Somerset
7060,Union
7061,Union
7062,Union
7063,Union
7064,Middlesex
7065,Union
7066,Union
7067,Middlesex
7068,Essex
7069,Somerset
7070,Bergen
7071,Bergen
7072,Bergen
7073,Bergen
7074,Bergen
7075,Bergen
7076,Union
7077,Middlesex
7078,Essex
7079,Essex
7080,Middlesex
7081,Union
7082,Morris
7083,Union
7086,Hudson
7087,Hudson
7088,Union
7090,Union
7091,Union
7092,Union
7093,Hudson
7094,Hudson
7095,Middlesex
7096,Hudson
7097,Hudson
7099,Hudson
7101,Essex
7102,Essex
7103,Essex
7104,Essex
7105,Essex
7106,Essex
7107,Essex
7108,Essex
7109,Essex
7110,Essex
7111,Essex
7112,Essex
7114,Essex
7175,Essex
7182,Essex
7184,Essex
7188,Essex
7189,Essex
7191,Essex
7192,Essex
7193,Essex
7194,Essex
7195,Essex
7198,Essex
7199,Essex
7201,Union
7202,Union
7203,Union
7204,Union
7205,Union
7206,Union
7207,Union
7208,Union
7302,Hudson
7303,Hudson
7304,Hudson
7305,Hudson
7306,Hudson
7307,Hudson
7308,Hudson
7309,Hudson
7310,Hudson
7311,Hudson
7395,Hudson
7399,Hudson
7401,Bergen
7403,Passaic
7405,Morris
7407,Bergen
7410,Bergen
7416,Sussex
7417,Bergen
7418,Sussex
7419,Sussex
7420,Passaic
7421,Passaic
7422,Sussex
7423,Bergen
7424,Passaic
7428,Sussex
7430,Bergen
7432,Bergen
7435,Passaic
7436,Bergen
7438,Passaic
7439,Sussex
7440,Morris
7442,Passaic
7444,Morris
7446,Bergen
7450,Bergen
7451,Bergen
7452,Bergen
7456,Passaic
7457,Morris
7458,Bergen
7460,Sussex
7461,Sussex
7462,Sussex
7463,Bergen
7465,Passaic
7470,Passaic
7474,Passaic
7477,Passaic
7480,Passaic
7481,Bergen
7495,Bergen
7501,Passaic
7502,Passaic
7503,Passaic
7504,Passaic
7505,Passaic
7506,Passaic
7507,Passaic
7508,Passaic
7509,Passaic
7510,Passaic
7511,Passaic
7512,Passaic
7513,Passaic
7514,Passaic
7522,Passaic
7524,Passaic
7533,Passaic
7538,Passaic
7543,Passaic
7544,Passaic
7601,Bergen
7602,Bergen
7603,Bergen
7604,Bergen
7605,Bergen
7606,Bergen
7607,Bergen
7608,Bergen
7620,Bergen
7621,Bergen
7624,Bergen
7626,Bergen
7627,Bergen
7628,Bergen
7630,Bergen
7631,Bergen
7632,Bergen
7640,Bergen
7641,Bergen
7642,Bergen
7643,Bergen
7644,Bergen
7645,Bergen
7646,Bergen
7647,Bergen
7648,Bergen
7649,Bergen
7650,Bergen
7652,Bergen
7653,Bergen
7656,Bergen
7657,Bergen
7660,Bergen
7661,Bergen
7662,Bergen
7663,Bergen
7666,Bergen
7670,Bergen
7675,Bergen
7676,Bergen
7677,Bergen
7699,Bergen
7701,Monmouth
7702,Monmouth
7703,Monmouth
7704,Monmouth
7709,Monmouth
7710,Monmouth
7711,Monmouth
7712,Monmouth
7715,Monmouth
7716,Monmouth
7717,Monmouth
7718,Monmouth
7719,Monmouth
7720,Monmouth
7721,Monmouth
7722,Monmouth
7723,Monmouth
7724,Monmouth
7726,Monmouth
7727,Monmouth
7728,Monmouth
7730,Monmouth
7731,Monmouth
7732,Monmouth
7733,Monmouth
7734,Monmouth
7735,Monmouth
7737,Monmouth
7738,Monmouth
7739,Monmouth
7740,Monmouth
7746,Monmouth
7747,Monmouth
7748,Monmouth
7750,Monmouth
7751,Monmouth
7752,Monmouth
7753,Monmouth
7754,Monmouth
7755,Monmouth
7756,Monmouth
7757,Monmouth
7758,Monmouth
7760,Monmouth
7762,Monmouth
7763,Monmouth
7764,Monmouth
7765,Monmouth
7777,Monmouth
7799,Monmouth
7801,Morris
7802,Morris
7803,Morris
7806,Morris
7820,Warren
7821,Sussex
7822,Sussex
7823,Warren
7825,Warren
7826,Sussex
7827,Sussex
7828,Morris
7829,Warren
7830,Hunterdon
7831,Warren
7832,Warren
7833,Warren
7834,Morris
7836,Morris
7837,Sussex
7838,Warren
7839,Sussex
7840,Warren
7842,Morris
7843,Sussex
7844,Warren
7845,Morris
7846,Warren
7847,Morris
7848,Sussex
7849,Morris
7850,Morris
7851,Sussex
7852,Morris
7853,Morris
7855,Sussex
7856,Morris
7857,Morris
7860,Sussex
7863,Warren
7865,Warren
7866,Morris
7869,Morris
7870,Morris
7871,Sussex
7874,Sussex
7875,Sussex
7876,Morris
7877,Sussex
7878,Morris
7879,Sussex
7880,Warren
7881,Sussex
7882,Warren
7885,Morris
7890,Sussex
7901,Union
7902,Union
7920,Somerset
7921,Somerset
7922,Union
7924,Somerset
7926,Morris
7927,Morris
7928,Morris
7930,Morris
7931,Somerset
7932,Morris
7933,Morris
7934,Somerset
7935,Morris
7936,Morris
7938,Somerset
7939,Somerset
7940,Morris
7945,Morris
7946,Morris
7950,Morris
7950,Morris
7960,Morris
7961,Morris
7962,Morris
7963,Morris
7970,Morris
7974,Union
7976,Morris
7977,Somerset
7978,Somerset
7979,Hunterdon
7980,Morris
7981,Morris
7983,Morris
7999,Morris
8001,Salem
8002,Camden
8003,Camden
8004,Camden
8005,Ocean
8006,Ocean
8007,Camden
8008,Ocean
8009,Camden
8010,Burlington
8011,Burlington
8012,Camden
8014,Gloucester
8015,Burlington
8016,Burlington
8018,Camden
8019,Burlington
8020,Gloucester
8021,Camden
8022,Burlington
8023,Salem
8025,Gloucester
8026,Camden
8027,Gloucester
8028,Gloucester
8029,Camden
8030,Camden
8031,Camden
8032,Gloucester
8033,Camden
8034,Camden
8035,Camden
8036,Burlington
8037,Atlantic
8038,Salem
8039,Gloucester
8041,Burlington
8042,Burlington
8043,Camden
8045,Camden
8046,Burlington
8048,Burlington
8049,Camden
8050,Ocean
8051,Gloucester
8052,Burlington
8053,Burlington
8054,Burlington
8055,Burlington
8056,Gloucester
8057,Burlington
8059,Camden
8060,Burlington
8061,Gloucester
8062,Gloucester
8063,Gloucester
8064,Burlington
8065,Burlington
8066,Gloucester
8067,Salem
8068,Burlington
8069,Salem
8070,Salem
8071,Gloucester
8072,Salem
8073,Burlington
8074,Gloucester
8075,Burlington
8076,Burlington
8077,Burlington
8078,Camden
8079,Salem
8080,Gloucester
8081,Camden
8083,Camden
8084,Camden
8085,Gloucester
8086,Gloucester
8087,Ocean
8088,Burlington
8089,Camden
8090,Gloucester
8091,Camden
8092,Ocean
8093,Gloucester
8094,Gloucester
8095,Camden
8096,Gloucester
8096,Gloucester
8097,Gloucester
8098,Salem
8099,Camden
8101,Camden
8102,Camden
8103,Camden
8104,Camden
8104,Camden
8105,Camden
8106,Camden
8107,Camden
8107,Camden
8108,Camden
8108,Camden
8109,Camden
8110,Camden
8201,Atlantic
8202,Cape May
8203,Atlantic
8204,Cape May
8205,Atlantic
8210,Cape May
8212,Cape May
8213,Atlantic
8214,Cape May
8215,Atlantic
8217,Atlantic
8218,Cape May
8219,Cape May
8220,Atlantic
8221,Atlantic
8223,Cape May
8224,Burlington
8225,Atlantic
8226,Cape May
8230,Cape May
8231,Atlantic
8232,Atlantic
8234,Atlantic
8240,Atlantic
8241,Atlantic
8242,Cape May
8243,Cape May
8244,Atlantic
8245,Cape May
8246,Cape May
8247,Cape May
8248,Cape May
8250,Cape May
8251,Cape May
8252,Cape May
8260,Cape May
8270,Cape May
8302,Cumberland
8310,Atlantic
8311,Cumberland
8312,Gloucester
8313,Cumberland
8314,Cumberland
8315,Cumberland
8316,Cumberland
8317,Atlantic
8318,Salem
8319,Atlantic
8320,Cumberland
8321,Cumberland
8322,Gloucester
8323,Cumberland
8324,Cumberland
8326,Atlantic
8327,Cumberland
8328,Gloucester
8329,Cumberland
8330,Atlantic
8332,Cumberland
8340,Atlantic
8341,Atlantic
8342,Atlantic
8343,Salem
8344,Gloucester
8345,Cumberland
8346,Atlantic
8347,Salem
8348,Cumberland
8349,Cumberland
8350,Atlantic
8352,Cumberland
8353,Cumberland
8360,Cumberland
8361,Cumberland
8362,Cumberland
8401,Atlantic
8402,Atlantic
8403,Atlantic
8404,Atlantic
8405,Atlantic
8406,Atlantic
8501,Monmouth
8502,Somerset
8504,Somerset
8505,Burlington
8510,Monmouth
8511,Burlington
8512,Middlesex
8514,Monmouth
8515,Burlington
8518,Burlington
8520,Mercer
8525,Mercer
8526,Monmouth
8527,Ocean
8528,Somerset
8530,Hunterdon
8533,Ocean
8534,Mercer
8535,Monmouth
8536,Middlesex
8540,Mercer
8541,Mercer
8542,Mercer
8543,Mercer
8544,Mercer
8550,Mercer
8551,Hunterdon
8553,Somerset
8554,Burlington
8555,Monmouth
8556,Hunterdon
8557,Hunterdon
8558,Somerset
8559,Hunterdon
8560,Mercer
8561,Mercer
8562,Burlington
8601,Mercer
8602,Mercer
8603,Mercer
8604,Mercer
8605,Mercer
8606,Mercer
8607,Mercer
8608,Mercer
8609,Mercer
8610,Mercer
8611,Mercer
8618,Mercer
8619,Mercer
8620,Mercer
8625,Mercer
8628,Mercer
8629,Mercer
8638,Mercer
8640,Burlington
8641,Burlington
8645,Mercer
8646,Mercer
8647,Mercer
8648,Mercer
8650,Mercer
8666,Mercer
8677,Mercer
8690,Mercer
8691,Mercer
8695,Mercer
8701,Ocean
8720,Monmouth
8721,Ocean
8722,Ocean
8723,Ocean
8724,Ocean
8730,Monmouth
8731,Ocean
8732,Ocean
8733,Ocean
8734,Ocean
8735,Ocean
8736,Monmouth
8738,Ocean
8739,Ocean
8740,Ocean
8741,Ocean
8742,Ocean
8750,Monmouth
8751,Ocean
8752,Ocean
8753,Ocean
8754,Ocean
8755,Ocean
8756,Ocean
8757,Ocean
8758,Ocean
8759,Ocean
8801,Hunterdon
8802,Hunterdon
8803,Hunterdon
8804,Hunterdon
8805,Somerset
8807,Somerset
8808,Warren
8809,Hunterdon
8810,Middlesex
8812,Middlesex
8816,Middlesex
8817,Middlesex
8818,Middlesex
8820,Middlesex
8821,Somerset
8822,Hunterdon
8823,Somerset
8824,Middlesex
8825,Hunterdon
8826,Hunterdon
8827,Hunterdon
8828,Middlesex
8829,Hunterdon
8830,Middlesex
8831,Middlesex
8832,Middlesex
8833,Hunterdon
8834,Hunterdon
8835,Somerset
8836,Somerset
8837,Middlesex
8840,Middlesex
8844,Somerset
8846,Middlesex
8848,Hunterdon
8850,Middlesex
8852,Middlesex
8853,Somerset
8854,Middlesex
8855,Middlesex
8857,Middlesex
8858,Hunterdon
8859,Middlesex
8861,Middlesex
8862,Middlesex
8863,Middlesex
8865,Warren
8867,Hunterdon
8868,Hunterdon
8869,Somerset
8870,Hunterdon
8871,Middlesex
8872,Middlesex
8873,Somerset
8875,Somerset
8876,Somerset
8879,Middlesex
8880,Somerset
8882,Middlesex
8884,Middlesex
8885,Hunterdon
8886,Warren
8887,Hunterdon
8888,Hunterdon
8889,Hunterdon
8890,Somerset
8896,Somerset
8899,Middlesex
8901,Middlesex
8902,Middlesex
8903,Middlesex
8904,Middlesex
8905,Middlesex
8906,Middlesex
8922,Middlesex
8933,Middlesex
8988,Middlesex
8989,Middlesex
